<?xml version="1.0" encoding="UTF-8"?>

<beans xmlns="http://www.springframework.org/schema/beans"
	xmlns:xsi="http://www.w3.org/2001/XMLSchema-instance"
	xmlns:context="http://www.springframework.org/schema/context"
	xmlns:mvc="http://www.springframework.org/schema/mvc"
	xsi:schemaLocation="http://www.springframework.org/schema/beans http://www.springframework.org/schema/beans/spring-beans-3.0.xsd
		http://www.springframework.org/schema/context http://www.springframework.org/schema/context/spring-context-3.2.xsd
		http://www.springframework.org/schema/mvc http://www.springframework.org/schema/mvc/spring-mvc-3.2.xsd">

	
	<mvc:annotation-driven/>

	<!-- Translate LOGICAL VIEW NAMEs into relative PATH -->
	<bean id="viewResolver" class="org.springframework.web.servlet.view.InternalResourceViewResolver">
		<property name="prefix" value="/WEB-INF/pages/" />
		<property name="suffix" value=".jsp"/>
	</bean>
	
	<context:component-scan base-package="controllers,service,dao,model"/>
	
	<bean id="dataSource" class="org.springframework.jdbc.datasource.DriverManagerDataSource" >
        <property name="driverClassName" value="${jdbc.driverClassName}"/>
        <property name="url" value="${jdbc.url}"/>
        <property name="username" value="${jdbc.username}"/>
        <property name="password" value="${jdbc.password}"/>
    </bean>
    
    <context:property-placeholder location="/WEB-INF/jdbc.properties"/>
<context:annotation-config/>
	
<!-- global properties 

<bean id="messageSource" class="org.springframework.context.support.ReloadableResourceBundleMessageSource">
<property name="basenames">
<list><value>classpath:global</value></list>
</property>
</bean> -->


	
		
 </beans>