<?xml version="1.0" encoding="UTF-8"?>
<beans xmlns="http://www.springframework.org/schema/beans"
	xmlns:xsi="http://www.w3.org/2001/XMLSchema-instance"
	xmlns:context="http://www.springframework.org/schema/context"
	xmlns:sws="http://www.springframework.org/schema/web-services"
	xsi:schemaLocation="http://www.springframework.org/schema/beans http://www.springframework.org/schema/beans/spring-beans-3.0.xsd
		http://www.springframework.org/schema/context http://www.springframework.org/schema/context/spring-context-3.2.xsd
		http://www.springframework.org/schema/web-services http://www.springframework.org/schema/web-services/web-services-2.0.xsd">

<sws:annotation-driven/>

<context:component-scan base-package="service"/>

<sws:dynamic-wsdl id="bookDefinition" portTypeName="books"
 locationUri="http://localhost:8083/SpringContractFirst/books/bookDefinition.wsdl">
 <sws:xsd location="/WEB-INF/schema/book.xsd"/>
 </sws:dynamic-wsdl>	
 
 <sws:interceptors>
 <bean class="org.springframework.ws.soap.security.wss4j.Wss4jSecurityInterceptor">
 <property name="validationActions" value="UsernameToken"></property>
 <property name="validationCallbackHandler" ref="callbackHandler"></property>
  </bean> 
 
 </sws:interceptors>
 
 
 <bean id="callbackHandler" 
 class="org.springframework.ws.soap.security.wss4j.callback.SimplePasswordValidationCallbackHandler">
 <!-- SpringPlainTextPasswordValidationCallbackHandler for dao authentication that is used in  spring security module -->
 
 <property name="users">
 <props>
 <prop key="system">123456</prop>
 <prop key="scott">56789</prop>
 </props>
 </property>
 </bean>
 
 
 
 

	
		
 </beans>