{
	"names": 
	[
		{
			"first": "Azzie",
			"last": "Zalenski",
			"street": "9554 Niemann Crest",
			"city": "Quinteros Divide",
			"state": "VA",
			"zip": "48786"
		},
		{
			"first": "Azzie",
			"last": "Zalenski",
			"street": "9554 Niemann Crest",
			"city": "Quinteros Divide",
			"state": "VA",
			"zip": "48786"
		},
		{
			"first": "Azzie",
			"last": "Zalenski",
			"street": "9554 Niemann Crest",
			"city": "Quinteros Divide",
			"state": "VA",
			"zip": "48786"
		},
		{
			"first": "Azzie",
			"last": "Zalenski",
			"street": "9554 Niemann Crest",
			"city": "Quinteros Divide",
			"state": "VA",
			"zip": "48786"
		},
		{
			"first": "Azzie",
			"last": "Zalenski",
			"street": "9554 Niemann Crest",
			"city": "Quinteros Divide",
			"state": "VA",
			"zip": "48786"
		},
		{
			"first": "Azzie",
			"last": "Zalenski",
			"street": "9554 Niemann Crest",
			"city": "Quinteros Divide",
			"state": "VA",
			"zip": "48786"
		}
	]
}