<beans xmlns="http://www.springframework.org/schema/beans"
	xmlns:xsi="http://www.w3.org/2001/XMLSchema-instance"
	xmlns:context="http://www.springframework.org/schema/context"
	 xmlns:oxm="http://www.springframework.org/schema/oxm"
	xsi:schemaLocation="http://www.springframework.org/schema/beans
	http://www.springframework.org/schema/beans/spring-beans-2.5.xsd
	http://www.springframework.org/schema/oxm
    http://www.springframework.org/schema/oxm/spring-oxm-3.0.xsd">
	

<oxm:jaxb2-marshaller id="marshaller" contextPath="com.samples.spring.abc.bookns"/>

<bean class="org.springframework.ws.client.core.WebServiceTemplate">
    <property name="marshaller" ref="marshaller" />
    <property name="unmarshaller" ref="marshaller" />
    <property name="defaultUri" value="http://localhost:8083/SpringContractFirst/books" /> 
    <property name="interceptors">
    <list>
    <ref local="wsSecurityInterceptor"/>
    </list>
    </property>
</bean>


	<bean id="wsSecurityInterceptor"  class="org.springframework.ws.soap.security.wss4j.Wss4jSecurityInterceptor">
		<property name="securementActions" value="UsernameToken"></property>

	</bean>



</beans>