<?xml version="1.0" encoding="UTF-8"?>
<!DOCTYPE hibernate-configuration SYSTEM 
"http://www.hibernate.org/dtd/hibernate-configuration-3.0.dtd">

<hibernate-configuration>
	<session-factory>
<property name="hibernate.dialect">org.hibernate.dialect.OracleDialect</property>
<property name="hibernate.connection.driver_class">oracle.jdbc.OracleDriver</property>

	
<property name="hibernate.connection.url">jdbc:oracle:thin:@localhost:1521:xe</property>
<property name="hibernate.connection.username">system</property>
<property name="hibernate.connection.password">password-1</property>
		
<property name="hibernate.show_sql">true</property>
 <property name="hibernate.hbm2ddl.auto">create</property> 
 
 
<property name="cache.use_second_level_cache">true</property>
 <property name="cache.region.factory_class">org.hibernate.cache.ehcache.EhCacheRegionFactory</property>
<property name="net.sf.ehcache.configurationResourceName">/myehcache.xml</property>	
<property name="hibernate.cache.use_query_cache">true</property>
<property name="hibernate.jdbc.batch_size">50</property>
<mapping class="singletableperclass.Worker"/>
<mapping class="singletableperclass.DailyWorker"/>
<mapping class="singletableperclass.SalariedWorker"/>

<!-- <mapping class="model.Country"/> -->

<!-- <mapping class="model.User"/>
<mapping class="onetoone.Customer"/>
<mapping class="onetoone.BankDetail"/> -->
<!-- <mapping class="onetomany.Book"/>
<mapping class="onetomany.Reviews"/> -->

<!-- <mapping class="manytomany.Student"/>
<mapping class="manytomany.Teacher"/> -->

<!-- <mapping class="model.Tenant"/>
<mapping class="onetomany.Book"/>
<mapping class="onetomany.Review"/>
<mapping class="onetoone.Customer"/>
<mapping class="onetoone.BankDetail"/>
<mapping class="manytomany.Student"/>
<mapping class="manytomany.Teacher"/>
<mapping class="inheritance.tableperclass.Worker"/>
<mapping class="inheritance.tableperclass.DailyWorker"/>
<mapping class="inheritance.tableperclass.SalariedWorker"/>

<mapping class="inheritance.concreteclass.Emp"/>
<mapping class="inheritance.concreteclass.Permanent"/>
<mapping class="inheritance.concreteclass.Temp"/> -->
	</session-factory>
</hibernate-configuration>
