<?xml version="1.0" encoding="UTF-8"?>

<beans xmlns="http://www.springframework.org/schema/beans" 
xmlns:xsi="http://www.w3.org/2001/XMLSchema-instance" xmlns:tx="http://www.springframework.org/schema/tx"
 xmlns:mvc="http://www.springframework.org/schema/mvc" xmlns:context="http://www.springframework.org/schema/context"
  xsi:schemaLocation="http://www.springframework.org/schema/beans http://www.springframework.org/schema/beans/spring-beans.xsd 
  http://www.springframework.org/schema/tx http://www.springframework.org/schema/tx/spring-tx.xsd 
  http://www.springframework.org/schema/mvc
   http://www.springframework.org/schema/mvc/spring-mvc.xsd http://www.springframework.org/schema/context 
   http://www.springframework.org/schema/context/spring-context.xsd">

	

	<context:component-scan base-package="resources,service,dao,domain"/>
	 
	<!--  <tx:annotation-driven transaction-manager="transactionManager" /> 
	 
	<bean id="transactionManager" class="org.springframework.orm.hibernate4.HibernateTransactionManager" >
 		<property name="sessionFactory" ref="sessionFactory"></property>
 	</bean>
   -->
	<!-- <bean id="sessionFactory"
        class="org.springframework.orm.hibernate4.LocalSessionFactoryBean">
        <property name="dataSource" ref="dataSource" />
        <property name="configLocation" value="/WEB-INF/hibernate.cfg.xml" />
        <property name="hibernateProperties">
		 <props>
		  	<prop key="hibernate.dialect">${hibernate.dialect}</prop>
		 	 <prop key="hibernate.show_sql">${hibernate.show_sql}</prop>
		 	 <prop key="hibernate.hbm2ddl.auto">${hibernate.hbm2ddl.auto}  </prop>    
        </props>
      </property>
    </bean> -->
	 
	<!-- <bean id="dataSource" class="org.springframework.jdbc.datasource.DriverManagerDataSource" >
        <property name="driverClassName" value="${jdbc.driverClassName}"/>
        <property name="url" value="${jdbc.url}"/>
        <property name="username" value="${jdbc.username}"/>
        <property name="password" value="${jdbc.password}"/>
    </bean>
    
    <context:property-placeholder location="/WEB-INF/jdbc.properties"/> -->
    <context:annotation-config />
	
	</beans>